attributed_resource,description,list_attributes,list_metrics,list_segments,resource_name,segmenting_resource,with_metrics
customer,"<p>Represents a view of BiddingStrategies owned by and shared with the customer. In contrast to BiddingStrategy, this resource includes strategies owned by managers of the customer and shared with this customer - in addition to strategies owned by this customer. This resource does not provide metrics and only exposes a limited subset of the BiddingStrategy attributes.</p>","accessible_bidding_strategy.id,accessible_bidding_strategy.maximize_conversion_value.target_roas,accessible_bidding_strategy.maximize_conversions.target_cpa_micros,accessible_bidding_strategy.name,accessible_bidding_strategy.owner_customer_id,accessible_bidding_strategy.owner_descriptive_name,accessible_bidding_strategy.resource_name,accessible_bidding_strategy.target_cpa.target_cpa_micros,accessible_bidding_strategy.target_impression_share.cpc_bid_ceiling_micros,accessible_bidding_strategy.target_impression_share.location,accessible_bidding_strategy.target_impression_share.location_fraction_micros,accessible_bidding_strategy.target_roas.target_roas,accessible_bidding_strategy.target_spend.cpc_bid_ceiling_micros,accessible_bidding_strategy.target_spend.target_spend_micros,accessible_bidding_strategy.type",None,None,Accessible Bidding Strategy,None,0
"ad_group,ad_group_criterion,campaign,customer,label",<p>A relationship between an ad group criterion and a label.</p>,"ad_group_criterion_label.ad_group_criterion,ad_group_criterion_label.label,ad_group_criterion_label.resource_name",None,None,Ad Group Criterion Label,None,0
"ad_group,ad_group_ad,campaign,customer,label",<p>A relationship between an ad group ad and a label.</p>,"ad_group_ad_label.ad_group_ad,ad_group_ad_label.label,ad_group_ad_label.resource_name",None,None,Ad Group Ad Label,None,0
"ad_group,ad_group_criterion,campaign,customer","<p>An ad group criterion simulation. Supported combinations of advertising channel type, criterion type, simulation type, and simulation modification method are detailed below respectively. Hotel AdGroupCriterion simulation operations starting in V5. 1. DISPLAY - KEYWORD - CPC_BID - UNIFORM 2. SEARCH - KEYWORD - CPC_BID - UNIFORM 3. SHOPPING - LISTING_GROUP - CPC_BID - UNIFORM 4. HOTEL - LISTING_GROUP - CPC_BID - UNIFORM 5. HOTEL - LISTING_GROUP - PERCENT_CPC_BID - UNIFORM</p>","ad_group_criterion_simulation.ad_group_id,ad_group_criterion_simulation.cpc_bid_point_list.points,ad_group_criterion_simulation.criterion_id,ad_group_criterion_simulation.end_date,ad_group_criterion_simulation.modification_method,ad_group_criterion_simulation.percent_cpc_bid_point_list.points,ad_group_criterion_simulation.resource_name,ad_group_criterion_simulation.start_date,ad_group_criterion_simulation.type",None,None,Ad Group Criterion Simulation,None,0
"ad_group,ad_group_criterion,campaign,customer,customizer_attribute",<p>A customizer value for the associated CustomizerAttribute at the AdGroupCriterion level.</p>,"ad_group_criterion_customizer.ad_group_criterion,ad_group_criterion_customizer.customizer_attribute,ad_group_criterion_customizer.resource_name,ad_group_criterion_customizer.status,ad_group_criterion_customizer.value.string_value,ad_group_criterion_customizer.value.type",None,None,Ad Group Criterion Customizer,None,0
"ad_group,campaign,customer,language_constant,mobile_app_category_constant,topic_constant,user_interest,user_list",<p>An ad group criterion.</p>,"ad_group_criterion.ad_group,ad_group_criterion.age_range.type,ad_group_criterion.app_payment_model.type,ad_group_criterion.approval_status,ad_group_criterion.audience.audience,ad_group_criterion.bid_modifier,ad_group_criterion.combined_audience.combined_audience,ad_group_criterion.cpc_bid_micros,ad_group_criterion.cpm_bid_micros,ad_group_criterion.cpv_bid_micros,ad_group_criterion.criterion_id,ad_group_criterion.custom_affinity.custom_affinity,ad_group_criterion.custom_audience.custom_audience,ad_group_criterion.custom_intent.custom_intent,ad_group_criterion.disapproval_reasons,ad_group_criterion.display_name,ad_group_criterion.effective_cpc_bid_micros,ad_group_criterion.effective_cpc_bid_source,ad_group_criterion.effective_cpm_bid_micros,ad_group_criterion.effective_cpm_bid_source,ad_group_criterion.effective_cpv_bid_micros,ad_group_criterion.effective_cpv_bid_source,ad_group_criterion.effective_percent_cpc_bid_micros,ad_group_criterion.effective_percent_cpc_bid_source,ad_group_criterion.final_mobile_urls,ad_group_criterion.final_url_suffix,ad_group_criterion.final_urls,ad_group_criterion.gender.type,ad_group_criterion.income_range.type,ad_group_criterion.keyword.match_type,ad_group_criterion.keyword.text,ad_group_criterion.labels,ad_group_criterion.language.language_constant,ad_group_criterion.listing_group.case_value.activity_country.value,ad_group_criterion.listing_group.case_value.activity_id.value,ad_group_criterion.listing_group.case_value.activity_rating.value,ad_group_criterion.listing_group.case_value.hotel_city.city_criterion,ad_group_criterion.listing_group.case_value.hotel_class.value,ad_group_criterion.listing_group.case_value.hotel_country_region.country_region_criterion,ad_group_criterion.listing_group.case_value.hotel_id.value,ad_group_criterion.listing_group.case_value.hotel_state.state_criterion,ad_group_criterion.listing_group.case_value.product_bidding_category.id,ad_group_criterion.listing_group.case_value.product_bidding_category.level,ad_group_criterion.listing_group.case_value.product_brand.value,ad_group_criterion.listing_group.case_value.product_channel.channel,ad_group_criterion.listing_group.case_value.product_channel_exclusivity.channel_exclusivity,ad_group_criterion.listing_group.case_value.product_condition.condition,ad_group_criterion.listing_group.case_value.product_custom_attribute.index,ad_group_criterion.listing_group.case_value.product_custom_attribute.value,ad_group_criterion.listing_group.case_value.product_item_id.value,ad_group_criterion.listing_group.case_value.product_type.level,ad_group_criterion.listing_group.case_value.product_type.value,ad_group_criterion.listing_group.parent_ad_group_criterion,ad_group_criterion.listing_group.path,ad_group_criterion.listing_group.type,ad_group_criterion.location.geo_target_constant,ad_group_criterion.mobile_app_category.mobile_app_category_constant,ad_group_criterion.mobile_application.app_id,ad_group_criterion.mobile_application.name,ad_group_criterion.negative,ad_group_criterion.parental_status.type,ad_group_criterion.percent_cpc_bid_micros,ad_group_criterion.placement.url,ad_group_criterion.position_estimates.estimated_add_clicks_at_first_position_cpc,ad_group_criterion.position_estimates.estimated_add_cost_at_first_position_cpc,ad_group_criterion.position_estimates.first_page_cpc_micros,ad_group_criterion.position_estimates.first_position_cpc_micros,ad_group_criterion.position_estimates.top_of_page_cpc_micros,ad_group_criterion.quality_info.creative_quality_score,ad_group_criterion.quality_info.post_click_quality_score,ad_group_criterion.quality_info.quality_score,ad_group_criterion.quality_info.search_predicted_ctr,ad_group_criterion.resource_name,ad_group_criterion.status,ad_group_criterion.system_serving_status,ad_group_criterion.topic.path,ad_group_criterion.topic.topic_constant,ad_group_criterion.tracking_url_template,ad_group_criterion.type,ad_group_criterion.url_custom_parameters,ad_group_criterion.user_interest.user_interest_category,ad_group_criterion.user_list.user_list,ad_group_criterion.webpage.conditions,ad_group_criterion.webpage.coverage_percentage,ad_group_criterion.webpage.criterion_name,ad_group_criterion.webpage.sample.sample_urls,ad_group_criterion.youtube_channel.channel_id,ad_group_criterion.youtube_video.video_id",None,None,Ad Group Criterion,None,0
customer,<p>Represents the data sharing connection between a Google Ads account and another account</p>,"account_link.account_link_id,account_link.advertising_partner.customer,account_link.data_partner.data_partner_id,account_link.google_ads.customer,account_link.hotel_center.hotel_center_id,account_link.resource_name,account_link.status,account_link.third_party_app_analytics.app_analytics_provider_id,account_link.third_party_app_analytics.app_id,account_link.third_party_app_analytics.app_vendor,account_link.type",None,None,Account Link,None,0
"ad_group,asset_set,campaign,customer",<p>AdGroupAssetSet is the linkage between an ad group and an asset set. Creating an AdGroupAssetSet links an asset set with an ad group.</p>,"ad_group_asset_set.ad_group,ad_group_asset_set.asset_set,ad_group_asset_set.resource_name,ad_group_asset_set.status",None,None,Ad Group Asset Set,None,0
"ad_group,campaign,customer",<p>Represents an ad group bid modifier.</p>,"ad_group_bid_modifier.ad_group,ad_group_bid_modifier.base_ad_group,ad_group_bid_modifier.bid_modifier,ad_group_bid_modifier.bid_modifier_source,ad_group_bid_modifier.criterion_id,ad_group_bid_modifier.device.type,ad_group_bid_modifier.hotel_advance_booking_window.max_days,ad_group_bid_modifier.hotel_advance_booking_window.min_days,ad_group_bid_modifier.hotel_check_in_date_range.end_date,ad_group_bid_modifier.hotel_check_in_date_range.start_date,ad_group_bid_modifier.hotel_check_in_day.day_of_week,ad_group_bid_modifier.hotel_date_selection_type.type,ad_group_bid_modifier.hotel_length_of_stay.max_nights,ad_group_bid_modifier.hotel_length_of_stay.min_nights,ad_group_bid_modifier.resource_name",None,None,Ad Group Bid Modifier,None,0
"billing_setup,customer","<p>An account-level budget proposal. All fields prefixed with 'proposed' may not necessarily be applied directly. For example, proposed spending limits may be adjusted before their application. This is true if the 'proposed' field has an 'approved' counterpart, for example, spending limits. Note that the proposal type (proposal_type) changes which fields are required and which must remain empty.</p>","account_budget_proposal.account_budget,account_budget_proposal.approval_date_time,account_budget_proposal.approved_end_date_time,account_budget_proposal.approved_end_time_type,account_budget_proposal.approved_spending_limit_micros,account_budget_proposal.approved_spending_limit_type,account_budget_proposal.approved_start_date_time,account_budget_proposal.billing_setup,account_budget_proposal.creation_date_time,account_budget_proposal.id,account_budget_proposal.proposal_type,account_budget_proposal.proposed_end_date_time,account_budget_proposal.proposed_end_time_type,account_budget_proposal.proposed_name,account_budget_proposal.proposed_notes,account_budget_proposal.proposed_purchase_order_number,account_budget_proposal.proposed_spending_limit_micros,account_budget_proposal.proposed_spending_limit_type,account_budget_proposal.proposed_start_date_time,account_budget_proposal.resource_name,account_budget_proposal.status",None,None,Account Budget Proposal,None,0
"asset_group,campaign,customer","<p>AssetGroupSignal represents a signal in an asset group. The existence of a signal tells the performance max campaign who's most likely to convert. Performance Max uses the signal to look for new people with similar or stronger intent to find conversions across Search, Display, Video, and more.</p>","asset_group_signal.asset_group,asset_group_signal.audience.audience,asset_group_signal.resource_name",None,None,Asset Group Signal,None,0
"asset_group,campaign,customer",<p>AssetGroupListingGroupFilter represents a listing group filter tree node in an asset group.</p>,"asset_group_listing_group_filter.asset_group,asset_group_listing_group_filter.case_value.product_bidding_category.id,asset_group_listing_group_filter.case_value.product_bidding_category.level,asset_group_listing_group_filter.case_value.product_brand.value,asset_group_listing_group_filter.case_value.product_channel.channel,asset_group_listing_group_filter.case_value.product_condition.condition,asset_group_listing_group_filter.case_value.product_custom_attribute.index,asset_group_listing_group_filter.case_value.product_custom_attribute.value,asset_group_listing_group_filter.case_value.product_item_id.value,asset_group_listing_group_filter.case_value.product_type.level,asset_group_listing_group_filter.case_value.product_type.value,asset_group_listing_group_filter.id,asset_group_listing_group_filter.parent_listing_group_filter,asset_group_listing_group_filter.path,asset_group_listing_group_filter.resource_name,asset_group_listing_group_filter.type,asset_group_listing_group_filter.vertical",None,None,Asset Group Listing Group Filter,None,0
"billing_setup,customer","<p>An account-level budget. It contains information about the budget itself, as well as the most recently approved changes to the budget and proposed changes that are pending approval. The proposed changes that are pending approval, if any, are found in 'pending_proposal'. Effective details about the budget are found in fields prefixed 'approved_', 'adjusted_' and those without a prefix. Since some effective details may differ from what the user had originally requested (for example, spending limit), these differences are juxtaposed through 'proposed_', 'approved_', and possibly 'adjusted_' fields. This resource is mutated using AccountBudgetProposal and cannot be mutated directly. A budget may have at most one pending proposal at any given time. It is read through pending_proposal. Once approved, a budget may be subject to adjustments, such as credit adjustments. Adjustments create differences between the 'approved' and 'adjusted' fields, which would otherwise be identical.</p>","account_budget.adjusted_spending_limit_micros,account_budget.adjusted_spending_limit_type,account_budget.amount_served_micros,account_budget.approved_end_date_time,account_budget.approved_end_time_type,account_budget.approved_spending_limit_micros,account_budget.approved_spending_limit_type,account_budget.approved_start_date_time,account_budget.billing_setup,account_budget.id,account_budget.name,account_budget.notes,account_budget.pending_proposal.account_budget_proposal,account_budget.pending_proposal.creation_date_time,account_budget.pending_proposal.end_date_time,account_budget.pending_proposal.end_time_type,account_budget.pending_proposal.name,account_budget.pending_proposal.notes,account_budget.pending_proposal.proposal_type,account_budget.pending_proposal.purchase_order_number,account_budget.pending_proposal.spending_limit_micros,account_budget.pending_proposal.spending_limit_type,account_budget.pending_proposal.start_date_time,account_budget.proposed_end_date_time,account_budget.proposed_end_time_type,account_budget.proposed_spending_limit_micros,account_budget.proposed_spending_limit_type,account_budget.proposed_start_date_time,account_budget.purchase_order_number,account_budget.resource_name,account_budget.status,account_budget.total_adjustments_micros",None,None,Account Budget,None,0
"asset,asset_group,campaign,customer",<p>AssetGroupAsset is the link between an asset and an asset group. Adding an AssetGroupAsset links an asset with an asset group.</p>,"asset_group_asset.asset,asset_group_asset.asset_group,asset_group_asset.field_type,asset_group_asset.performance_label,asset_group_asset.policy_summary.approval_status,asset_group_asset.policy_summary.policy_topic_entries,asset_group_asset.policy_summary.review_status,asset_group_asset.primary_status,asset_group_asset.primary_status_details,asset_group_asset.primary_status_reasons,asset_group_asset.resource_name,asset_group_asset.status",None,None,Asset Group Asset,None,0
"campaign,customer",<p>An asset group. AssetGroupAsset is used to link an asset to the asset group. AssetGroupSignal is used to associate a signal to an asset group.</p>,"asset_group.ad_strength,asset_group.campaign,asset_group.final_mobile_urls,asset_group.final_urls,asset_group.id,asset_group.name,asset_group.path1,asset_group.path2,asset_group.primary_status,asset_group.primary_status_reasons,asset_group.resource_name,asset_group.status",None,None,Asset Group,None,0
customer,<p>A user list. This is a list of users a customer may target.</p>,"user_list.access_reason,user_list.account_user_list_status,user_list.basic_user_list.actions,user_list.closing_reason,user_list.crm_based_user_list.app_id,user_list.crm_based_user_list.data_source_type,user_list.crm_based_user_list.upload_key_type,user_list.description,user_list.eligible_for_display,user_list.eligible_for_search,user_list.id,user_list.integration_code,user_list.logical_user_list.rules,user_list.match_rate_percentage,user_list.membership_life_span,user_list.membership_status,user_list.name,user_list.read_only,user_list.resource_name,user_list.rule_based_user_list.flexible_rule_user_list.exclusive_operands,user_list.rule_based_user_list.flexible_rule_user_list.inclusive_operands,user_list.rule_based_user_list.flexible_rule_user_list.inclusive_rule_operator,user_list.rule_based_user_list.prepopulation_status,user_list.similar_user_list.seed_user_list,user_list.size_for_display,user_list.size_for_search,user_list.size_range_for_display,user_list.size_range_for_search,user_list.type",None,None,User List,None,0
customer,"<p>Asset is a part of an ad which can be shared across multiple ads. It can be an image (ImageAsset), a video (YoutubeVideoAsset), etc. Assets are immutable and cannot be removed. To stop an asset from serving, remove the asset from the entity that is using it.</p>","asset.book_on_google_asset,asset.call_asset.ad_schedule_targets,asset.call_asset.call_conversion_action,asset.call_asset.call_conversion_reporting_state,asset.call_asset.country_code,asset.call_asset.phone_number,asset.call_to_action_asset.call_to_action,asset.callout_asset.ad_schedule_targets,asset.callout_asset.callout_text,asset.callout_asset.end_date,asset.callout_asset.start_date,asset.discovery_carousel_card_asset.call_to_action_text,asset.discovery_carousel_card_asset.headline,asset.discovery_carousel_card_asset.marketing_image_asset,asset.discovery_carousel_card_asset.portrait_marketing_image_asset,asset.discovery_carousel_card_asset.square_marketing_image_asset,asset.dynamic_custom_asset.android_app_link,asset.dynamic_custom_asset.contextual_keywords,asset.dynamic_custom_asset.formatted_price,asset.dynamic_custom_asset.formatted_sale_price,asset.dynamic_custom_asset.id,asset.dynamic_custom_asset.id2,asset.dynamic_custom_asset.image_url,asset.dynamic_custom_asset.ios_app_link,asset.dynamic_custom_asset.ios_app_store_id,asset.dynamic_custom_asset.item_address,asset.dynamic_custom_asset.item_category,asset.dynamic_custom_asset.item_description,asset.dynamic_custom_asset.item_subtitle,asset.dynamic_custom_asset.item_title,asset.dynamic_custom_asset.price,asset.dynamic_custom_asset.sale_price,asset.dynamic_custom_asset.similar_ids,asset.dynamic_education_asset.address,asset.dynamic_education_asset.android_app_link,asset.dynamic_education_asset.contextual_keywords,asset.dynamic_education_asset.image_url,asset.dynamic_education_asset.ios_app_link,asset.dynamic_education_asset.ios_app_store_id,asset.dynamic_education_asset.location_id,asset.dynamic_education_asset.program_description,asset.dynamic_education_asset.program_id,asset.dynamic_education_asset.program_name,asset.dynamic_education_asset.school_name,asset.dynamic_education_asset.similar_program_ids,asset.dynamic_education_asset.subject,asset.dynamic_education_asset.thumbnail_image_url,asset.dynamic_flights_asset.android_app_link,asset.dynamic_flights_asset.custom_mapping,asset.dynamic_flights_asset.destination_id,asset.dynamic_flights_asset.destination_name,asset.dynamic_flights_asset.flight_description,asset.dynamic_flights_asset.flight_price,asset.dynamic_flights_asset.flight_sale_price,asset.dynamic_flights_asset.formatted_price,asset.dynamic_flights_asset.formatted_sale_price,asset.dynamic_flights_asset.image_url,asset.dynamic_flights_asset.ios_app_link,asset.dynamic_flights_asset.ios_app_store_id,asset.dynamic_flights_asset.origin_id,asset.dynamic_flights_asset.origin_name,asset.dynamic_flights_asset.similar_destination_ids,asset.dynamic_hotels_and_rentals_asset.address,asset.dynamic_hotels_and_rentals_asset.android_app_link,asset.dynamic_hotels_and_rentals_asset.category,asset.dynamic_hotels_and_rentals_asset.contextual_keywords,asset.dynamic_hotels_and_rentals_asset.description,asset.dynamic_hotels_and_rentals_asset.destination_name,asset.dynamic_hotels_and_rentals_asset.formatted_price,asset.dynamic_hotels_and_rentals_asset.formatted_sale_price,asset.dynamic_hotels_and_rentals_asset.image_url,asset.dynamic_hotels_and_rentals_asset.ios_app_link,asset.dynamic_hotels_and_rentals_asset.ios_app_store_id,asset.dynamic_hotels_and_rentals_asset.price,asset.dynamic_hotels_and_rentals_asset.property_id,asset.dynamic_hotels_and_rentals_asset.property_name,asset.dynamic_hotels_and_rentals_asset.sale_price,asset.dynamic_hotels_and_rentals_asset.similar_property_ids,asset.dynamic_hotels_and_rentals_asset.star_rating,asset.dynamic_jobs_asset.address,asset.dynamic_jobs_asset.android_app_link,asset.dynamic_jobs_asset.contextual_keywords,asset.dynamic_jobs_asset.description,asset.dynamic_jobs_asset.image_url,asset.dynamic_jobs_asset.ios_app_link,asset.dynamic_jobs_asset.ios_app_store_id,asset.dynamic_jobs_asset.job_category,asset.dynamic_jobs_asset.job_id,asset.dynamic_jobs_asset.job_subtitle,asset.dynamic_jobs_asset.job_title,asset.dynamic_jobs_asset.location_id,asset.dynamic_jobs_asset.salary,asset.dynamic_jobs_asset.similar_job_ids,asset.dynamic_local_asset.address,asset.dynamic_local_asset.android_app_link,asset.dynamic_local_asset.category,asset.dynamic_local_asset.contextual_keywords,asset.dynamic_local_asset.deal_id,asset.dynamic_local_asset.deal_name,asset.dynamic_local_asset.description,asset.dynamic_local_asset.formatted_price,asset.dynamic_local_asset.formatted_sale_price,asset.dynamic_local_asset.image_url,asset.dynamic_local_asset.ios_app_link,asset.dynamic_local_asset.ios_app_store_id,asset.dynamic_local_asset.price,asset.dynamic_local_asset.sale_price,asset.dynamic_local_asset.similar_deal_ids,asset.dynamic_local_asset.subtitle,asset.dynamic_real_estate_asset.address,asset.dynamic_real_estate_asset.android_app_link,asset.dynamic_real_estate_asset.city_name,asset.dynamic_real_estate_asset.contextual_keywords,asset.dynamic_real_estate_asset.description,asset.dynamic_real_estate_asset.formatted_price,asset.dynamic_real_estate_asset.image_url,asset.dynamic_real_estate_asset.ios_app_link,asset.dynamic_real_estate_asset.ios_app_store_id,asset.dynamic_real_estate_asset.listing_id,asset.dynamic_real_estate_asset.listing_name,asset.dynamic_real_estate_asset.listing_type,asset.dynamic_real_estate_asset.price,asset.dynamic_real_estate_asset.property_type,asset.dynamic_real_estate_asset.similar_listing_ids,asset.dynamic_travel_asset.android_app_link,asset.dynamic_travel_asset.category,asset.dynamic_travel_asset.contextual_keywords,asset.dynamic_travel_asset.destination_address,asset.dynamic_travel_asset.destination_id,asset.dynamic_travel_asset.destination_name,asset.dynamic_travel_asset.formatted_price,asset.dynamic_travel_asset.formatted_sale_price,asset.dynamic_travel_asset.image_url,asset.dynamic_travel_asset.ios_app_link,asset.dynamic_travel_asset.ios_app_store_id,asset.dynamic_travel_asset.origin_id,asset.dynamic_travel_asset.origin_name,asset.dynamic_travel_asset.price,asset.dynamic_travel_asset.sale_price,asset.dynamic_travel_asset.similar_destination_ids,asset.dynamic_travel_asset.title,asset.field_type_policy_summaries,asset.final_mobile_urls,asset.final_url_suffix,asset.final_urls,asset.hotel_callout_asset.language_code,asset.hotel_callout_asset.text,asset.hotel_property_asset.hotel_address,asset.hotel_property_asset.hotel_name,asset.hotel_property_asset.place_id,asset.id,asset.image_asset.file_size,asset.image_asset.full_size.height_pixels,asset.image_asset.full_size.url,asset.image_asset.full_size.width_pixels,asset.image_asset.mime_type,asset.lead_form_asset.background_image_asset,asset.lead_form_asset.business_name,asset.lead_form_asset.call_to_action_description,asset.lead_form_asset.call_to_action_type,asset.lead_form_asset.custom_disclosure,asset.lead_form_asset.custom_question_fields,asset.lead_form_asset.delivery_methods,asset.lead_form_asset.description,asset.lead_form_asset.desired_intent,asset.lead_form_asset.fields,asset.lead_form_asset.headline,asset.lead_form_asset.post_submit_call_to_action_type,asset.lead_form_asset.post_submit_description,asset.lead_form_asset.post_submit_headline,asset.lead_form_asset.privacy_policy_url,asset.location_asset.business_profile_locations,asset.location_asset.location_ownership_type,asset.location_asset.place_id,asset.mobile_app_asset.app_id,asset.mobile_app_asset.app_store,asset.mobile_app_asset.end_date,asset.mobile_app_asset.link_text,asset.mobile_app_asset.start_date,asset.name,asset.page_feed_asset.labels,asset.page_feed_asset.page_url,asset.policy_summary.approval_status,asset.policy_summary.policy_topic_entries,asset.policy_summary.review_status,asset.price_asset.language_code,asset.price_asset.price_offerings,asset.price_asset.price_qualifier,asset.price_asset.type,asset.promotion_asset.ad_schedule_targets,asset.promotion_asset.discount_modifier,asset.promotion_asset.end_date,asset.promotion_asset.language_code,asset.promotion_asset.money_amount_off.amount_micros,asset.promotion_asset.money_amount_off.currency_code,asset.promotion_asset.occasion,asset.promotion_asset.orders_over_amount.amount_micros,asset.promotion_asset.orders_over_amount.currency_code,asset.promotion_asset.percent_off,asset.promotion_asset.promotion_code,asset.promotion_asset.promotion_target,asset.promotion_asset.redemption_end_date,asset.promotion_asset.redemption_start_date,asset.promotion_asset.start_date,asset.resource_name,asset.sitelink_asset.ad_schedule_targets,asset.sitelink_asset.description1,asset.sitelink_asset.description2,asset.sitelink_asset.end_date,asset.sitelink_asset.link_text,asset.sitelink_asset.start_date,asset.source,asset.structured_snippet_asset.header,asset.structured_snippet_asset.values,asset.text_asset.text,asset.tracking_url_template,asset.type,asset.url_custom_parameters,asset.youtube_video_asset.youtube_video_id,asset.youtube_video_asset.youtube_video_title",None,None,Asset,None,0
"account_link,customer","<p>A data sharing connection, allowing the import of third party app analytics into a Google Ads Customer.</p>","third_party_app_analytics_link.resource_name,third_party_app_analytics_link.shareable_link_id",None,None,Third Party App Analytics Link,None,0
None,<p>A user interest: a particular interest-based vertical to be targeted.</p>,"user_interest.availabilities,user_interest.launched_to_all,user_interest.name,user_interest.resource_name,user_interest.taxonomy_type,user_interest.user_interest_id,user_interest.user_interest_parent",None,None,User Interest,None,0
customer,<p>SharedSets are used for sharing criterion exclusions across multiple campaigns.</p>,"shared_set.id,shared_set.member_count,shared_set.name,shared_set.reference_count,shared_set.resource_name,shared_set.status,shared_set.type",None,None,Shared Set,"campaign,campaign_shared_set",0
"campaign,customer",<p>Settings for configuring Smart campaigns.</p>,"smart_campaign_setting.ad_optimized_business_profile_setting.include_lead_form,smart_campaign_setting.advertising_language_code,smart_campaign_setting.business_name,smart_campaign_setting.business_profile_location,smart_campaign_setting.campaign,smart_campaign_setting.final_url,smart_campaign_setting.phone_number.country_code,smart_campaign_setting.phone_number.phone_number,smart_campaign_setting.resource_name",None,None,Smart Campaign Setting,None,0
None,"<p>Use topics to target or exclude placements in the Google Display Network based on the category into which the placement falls (for example, ""Pets &amp; Animals/Pets/Dogs"").</p>","topic_constant.id,topic_constant.path,topic_constant.resource_name,topic_constant.topic_constant_parent",None,None,Topic Constant,None,0
customer,<p>Represents the data sharing connection between a Google Ads customer and another product.</p>,"product_link.data_partner.data_partner_id,product_link.google_ads.customer,product_link.product_link_id,product_link.resource_name,product_link.type",None,None,Product Link,None,0
customer,"<p>A remarketing action. A snippet of JavaScript code that will collect the product id and the type of page people visited (product page, shopping cart page, purchase page, general site visit) on an advertiser's website.</p>","remarketing_action.id,remarketing_action.name,remarketing_action.resource_name,remarketing_action.tag_snippets",None,None,Remarketing Action,None,0
"customer,mobile_app_category_constant,shared_set",<p>A criterion belonging to a shared set.</p>,"shared_criterion.criterion_id,shared_criterion.keyword.match_type,shared_criterion.keyword.text,shared_criterion.mobile_app_category.mobile_app_category_constant,shared_criterion.mobile_application.app_id,shared_criterion.mobile_application.name,shared_criterion.placement.url,shared_criterion.resource_name,shared_criterion.shared_set,shared_criterion.type,shared_criterion.youtube_channel.channel_id,shared_criterion.youtube_video.video_id",None,None,Shared Criterion,None,0
None,<p>Qualifying Questions for Lead Form.</p>,"qualifying_question.locale,qualifying_question.qualifying_question_id,qualifying_question.resource_name,qualifying_question.text",None,None,Qualifying Question,None,0
"customer,user_list","<p>A job containing offline user data of store visitors, or user list members that will be processed asynchronously. The uploaded data isn't readable and the processing results of the job can only be read using GoogleAdsService.Search/SearchStream.</p>","offline_user_data_job.customer_match_user_list_metadata.user_list,offline_user_data_job.external_id,offline_user_data_job.failure_reason,offline_user_data_job.id,offline_user_data_job.operation_metadata.match_rate_range,offline_user_data_job.resource_name,offline_user_data_job.status,offline_user_data_job.store_sales_metadata.loyalty_fraction,offline_user_data_job.store_sales_metadata.third_party_metadata.advertiser_upload_date_time,offline_user_data_job.store_sales_metadata.third_party_metadata.bridge_map_version_id,offline_user_data_job.store_sales_metadata.third_party_metadata.partner_id,offline_user_data_job.store_sales_metadata.third_party_metadata.partner_match_fraction,offline_user_data_job.store_sales_metadata.third_party_metadata.partner_upload_fraction,offline_user_data_job.store_sales_metadata.third_party_metadata.valid_transaction_fraction,offline_user_data_job.store_sales_metadata.transaction_upload_fraction,offline_user_data_job.type",None,None,Offline User Data Job,None,0
None,<p>A Product Bidding Category.</p>,"product_bidding_category_constant.country_code,product_bidding_category_constant.id,product_bidding_category_constant.language_code,product_bidding_category_constant.level,product_bidding_category_constant.localized_name,product_bidding_category_constant.product_bidding_category_constant_parent,product_bidding_category_constant.resource_name,product_bidding_category_constant.status",None,None,Product Bidding Category Constant,None,0
None,"<p>A mobile operating system version or a range of versions, depending on <code translate=""no"" dir=""ltr"">operator_type</code>. List of available mobile platforms at <a href=""https://developers.google.com/google-ads/api/reference/data/codes-formats#mobile-platforms"">https://developers.google.com/google-ads/api/reference/data/codes-formats#mobile-platforms</a></p>","operating_system_version_constant.id,operating_system_version_constant.name,operating_system_version_constant.operator_type,operating_system_version_constant.os_major_version,operating_system_version_constant.os_minor_version,operating_system_version_constant.resource_name",None,None,Operating System Version Constant,None,0
None,<p>A mobile device constant.</p>,"mobile_device_constant.id,mobile_device_constant.manufacturer_name,mobile_device_constant.name,mobile_device_constant.operating_system_name,mobile_device_constant.resource_name,mobile_device_constant.type",None,None,Mobile Device Constant,None,0
None,<p>A mobile application category constant.</p>,"mobile_app_category_constant.id,mobile_app_category_constant.name,mobile_app_category_constant.resource_name",None,None,Mobile App Category Constant,None,0
customer,<p>A media file.</p>,"media_file.audio.ad_duration_millis,media_file.file_size,media_file.id,media_file.image.full_size_image_url,media_file.image.preview_size_image_url,media_file.media_bundle.url,media_file.mime_type,media_file.name,media_file.resource_name,media_file.source_url,media_file.type,media_file.video.ad_duration_millis,media_file.video.advertising_id_code,media_file.video.isci_code,media_file.video.youtube_video_id",None,None,Media File,None,0
"ad_group,ad_group_ad,asset,campaign,customer",<p>Data from lead form submissions.</p>,"lead_form_submission_data.ad_group,lead_form_submission_data.ad_group_ad,lead_form_submission_data.asset,lead_form_submission_data.campaign,lead_form_submission_data.custom_lead_form_submission_fields,lead_form_submission_data.gclid,lead_form_submission_data.id,lead_form_submission_data.lead_form_submission_fields,lead_form_submission_data.resource_name,lead_form_submission_data.submission_date_time",None,None,Lead Form Submission Data,None,0
None,<p>A life event: a particular interest-based vertical to be targeted to reach users when they are in the midst of important life milestones.</p>,"life_event.availabilities,life_event.id,life_event.launched_to_all,life_event.name,life_event.parent,life_event.resource_name",None,None,Life Event,None,0
None,<p>A Smart Campaign keyword theme constant.</p>,"keyword_theme_constant.country_code,keyword_theme_constant.display_name,keyword_theme_constant.language_code,keyword_theme_constant.resource_name",None,None,Keyword Theme Constant,None,0
"customer,keyword_plan,keyword_plan_campaign",<p>A Keyword Plan Campaign keyword. Only negative keywords are supported for Campaign Keyword.</p>,"keyword_plan_campaign_keyword.id,keyword_plan_campaign_keyword.keyword_plan_campaign,keyword_plan_campaign_keyword.match_type,keyword_plan_campaign_keyword.negative,keyword_plan_campaign_keyword.resource_name,keyword_plan_campaign_keyword.text",None,None,Keyword Plan Campaign Keyword,None,0
None,<p>A language.</p>,"language_constant.code,language_constant.id,language_constant.name,language_constant.resource_name,language_constant.targetable",None,None,Language Constant,None,0
customer,<p>A label.</p>,"label.id,label.name,label.resource_name,label.status,label.text_label.background_color,label.text_label.description",None,None,Label,None,0
"ad_group,campaign,campaign_budget,customer",<p>A recommendation.</p>,"recommendation.ad_group,recommendation.call_asset_recommendation,recommendation.callout_asset_recommendation,recommendation.campaign,recommendation.campaign_budget,recommendation.campaign_budget_recommendation,recommendation.campaigns,recommendation.dismissed,recommendation.display_expansion_opt_in_recommendation,recommendation.dynamic_image_extension_opt_in_recommendation,recommendation.enhanced_cpc_opt_in_recommendation,recommendation.forecasting_campaign_budget_recommendation,recommendation.forecasting_set_target_roas_recommendation,recommendation.impact,recommendation.improve_performance_max_ad_strength_recommendation,recommendation.keyword_match_type_recommendation,recommendation.keyword_recommendation,recommendation.lower_target_roas_recommendation,recommendation.marginal_roi_campaign_budget_recommendation,recommendation.maximize_clicks_opt_in_recommendation,recommendation.maximize_conversions_opt_in_recommendation,recommendation.migrate_dynamic_search_ads_campaign_to_performance_max_recommendation,recommendation.move_unused_budget_recommendation,recommendation.optimize_ad_rotation_recommendation,recommendation.performance_max_opt_in_recommendation,recommendation.raise_target_cpa_bid_too_low_recommendation,recommendation.raise_target_cpa_recommendation,recommendation.resource_name,recommendation.responsive_search_ad_asset_recommendation,recommendation.responsive_search_ad_improve_ad_strength_recommendation,recommendation.responsive_search_ad_recommendation,recommendation.search_partners_opt_in_recommendation,recommendation.shopping_add_age_group_recommendation,recommendation.shopping_add_color_recommendation,recommendation.shopping_add_gender_recommendation,recommendation.shopping_add_gtin_recommendation,recommendation.shopping_add_more_identifiers_recommendation,recommendation.shopping_add_products_to_campaign_recommendation,recommendation.shopping_add_size_recommendation,recommendation.shopping_fix_disapproved_products_recommendation,recommendation.shopping_fix_merchant_center_account_suspension_warning_recommendation,recommendation.shopping_fix_suspended_merchant_center_account_recommendation,recommendation.shopping_migrate_regular_shopping_campaign_offers_to_performance_max_recommendation,recommendation.shopping_target_all_offers_recommendation,recommendation.sitelink_asset_recommendation,recommendation.target_cpa_opt_in_recommendation,recommendation.target_roas_opt_in_recommendation,recommendation.text_ad_recommendation,recommendation.type,recommendation.upgrade_local_campaign_to_performance_max_recommendation,recommendation.upgrade_smart_shopping_campaign_to_performance_max_recommendation,recommendation.use_broad_match_keyword_recommendation",None,None,Recommendation,None,0
"customer,keyword_plan",<p>A Keyword Plan campaign. Max number of keyword plan campaigns per plan allowed: 1.</p>,"keyword_plan_campaign.cpc_bid_micros,keyword_plan_campaign.geo_targets,keyword_plan_campaign.geo_targets.geo_target_constant,keyword_plan_campaign.id,keyword_plan_campaign.keyword_plan,keyword_plan_campaign.keyword_plan_network,keyword_plan_campaign.language_constants,keyword_plan_campaign.name,keyword_plan_campaign.resource_name",None,None,Keyword Plan Campaign,None,0
customer,<p>A Keyword Planner plan. Max number of saved keyword plans: 10000. It's possible to remove plans if limit is reached.</p>,"keyword_plan.forecast_period,keyword_plan.id,keyword_plan.name,keyword_plan.resource_name",None,None,Keyword Plan,None,0
None,<p>A geo target constant.</p>,"geo_target_constant.canonical_name,geo_target_constant.country_code,geo_target_constant.id,geo_target_constant.name,geo_target_constant.parent_geo_target,geo_target_constant.resource_name,geo_target_constant.status,geo_target_constant.target_type",None,None,Geo Target Constant,None,0
"customer,keyword_plan,keyword_plan_ad_group,keyword_plan_campaign",<p>A Keyword Plan ad group keyword. Max number of keyword plan keywords per plan: 10000.</p>,"keyword_plan_ad_group_keyword.cpc_bid_micros,keyword_plan_ad_group_keyword.id,keyword_plan_ad_group_keyword.keyword_plan_ad_group,keyword_plan_ad_group_keyword.match_type,keyword_plan_ad_group_keyword.negative,keyword_plan_ad_group_keyword.resource_name,keyword_plan_ad_group_keyword.text",None,None,Keyword Plan Ad Group Keyword,None,0
"customer,feed",<p>A feed mapping.</p>,"feed_mapping.attribute_field_mappings,feed_mapping.criterion_type,feed_mapping.feed,feed_mapping.placeholder_type,feed_mapping.resource_name,feed_mapping.status",None,None,Feed Mapping,None,0
"ad_group,campaign,customer,feed,feed_item",<p>A feed item target.</p>,"feed_item_target.ad_group,feed_item_target.ad_schedule,feed_item_target.ad_schedule.day_of_week,feed_item_target.campaign,feed_item_target.device,feed_item_target.feed_item,feed_item_target.feed_item_target_id,feed_item_target.feed_item_target_type,feed_item_target.geo_target_constant,feed_item_target.keyword.match_type,feed_item_target.keyword.text,feed_item_target.resource_name,feed_item_target.status",None,None,Feed Item Target,None,0
"customer,keyword_plan,keyword_plan_campaign",<p>A Keyword Planner ad group. Max number of keyword plan ad groups per plan: 200.</p>,"keyword_plan_ad_group.cpc_bid_micros,keyword_plan_ad_group.id,keyword_plan_ad_group.keyword_plan_campaign,keyword_plan_ad_group.name,keyword_plan_ad_group.resource_name",None,None,Keyword Plan Ad Group,None,0
"customer,feed,feed_item,feed_item_set",<p>Represents a link between a FeedItem and a FeedItemSet.</p>,"feed_item_set_link.feed_item,feed_item_set_link.feed_item_set,feed_item_set_link.resource_name",None,None,Feed Item Set Link,None,0
"customer,feed","<p>Represents a set of feed items. The set can be used and shared among certain feed item features. For instance, the set can be referenced within the matching functions of CustomerFeed, CampaignFeed, and AdGroupFeed.</p>","feed_item_set.display_name,feed_item_set.dynamic_affiliate_location_set_filter.chain_ids,feed_item_set.dynamic_location_set_filter.business_name_filter.business_name,feed_item_set.dynamic_location_set_filter.business_name_filter.filter_type,feed_item_set.dynamic_location_set_filter.labels,feed_item_set.feed,feed_item_set.feed_item_set_id,feed_item_set.resource_name,feed_item_set.status",None,None,Feed Item Set,None,0
"customer,experiment","<p>A Google ads experiment for users to experiment changes on multiple campaigns, compare the performance, and apply the effective changes.</p>","experiment_arm.campaigns,experiment_arm.control,experiment_arm.experiment,experiment_arm.in_design_campaigns,experiment_arm.name,experiment_arm.resource_name",None,None,Experiment Arm,None,0
customer,<p>A detailed demographic: a particular interest-based vertical to be targeted to reach users based on long-term life facts.</p>,"detailed_demographic.availabilities,detailed_demographic.id,detailed_demographic.launched_to_all,detailed_demographic.name,detailed_demographic.parent,detailed_demographic.resource_name",None,None,Detailed Demographic,None,0
customer,"<p>A Google ads experiment for users to experiment changes on multiple campaigns, compare the performance, and apply the effective changes.</p>","experiment.description,experiment.end_date,experiment.experiment_id,experiment.goals,experiment.long_running_operation,experiment.name,experiment.promote_status,experiment.resource_name,experiment.start_date,experiment.status,experiment.suffix,experiment.type",None,None,Experiment,None,0
customer,<p>A feed.</p>,"feed.affiliate_location_feed_data.chain_ids,feed.affiliate_location_feed_data.relationship_type,feed.attributes,feed.id,feed.name,feed.origin,feed.places_location_feed_data.business_name_filter,feed.places_location_feed_data.category_filters,feed.places_location_feed_data.email_address,feed.places_location_feed_data.label_filters,feed.resource_name,feed.status",None,None,Feed,None,0
customer,<p>Represent an invitation to a new user on this customer account.</p>,"customer_user_access_invitation.access_role,customer_user_access_invitation.creation_date_time,customer_user_access_invitation.email_address,customer_user_access_invitation.invitation_id,customer_user_access_invitation.invitation_status,customer_user_access_invitation.resource_name",None,None,Customer User Access Invitation,None,0
"campaign,customer","<p>A category generated automatically by crawling a domain. If a campaign uses the DynamicSearchAdsSetting, then domain categories will be generated for the domain. The categories can be targeted using WebpageConditionInfo. See: <a href=""https://support.google.com/google-ads/answer/2471185"">https://support.google.com/google-ads/answer/2471185</a></p>","domain_category.campaign,domain_category.category,domain_category.category_rank,domain_category.coverage_fraction,domain_category.domain,domain_category.has_children,domain_category.language_code,domain_category.recommended_cpc_bid_micros,domain_category.resource_name",None,None,Domain Category,None,0
"customer,mobile_app_category_constant,shared_set",<p>A negative criterion for exclusions at the customer level.</p>,"customer_negative_criterion.content_label.type,customer_negative_criterion.id,customer_negative_criterion.mobile_app_category.mobile_app_category_constant,customer_negative_criterion.mobile_application.app_id,customer_negative_criterion.mobile_application.name,customer_negative_criterion.negative_keyword_list.shared_set,customer_negative_criterion.placement.url,customer_negative_criterion.resource_name,customer_negative_criterion.type,customer_negative_criterion.youtube_channel.channel_id,customer_negative_criterion.youtube_video.video_id",None,None,Customer Negative Criterion,None,0
customer,<p>Represents the permission of a single user onto a single customer.</p>,"customer_user_access.access_creation_date_time,customer_user_access.access_role,customer_user_access.email_address,customer_user_access.inviter_user_email_address,customer_user_access.resource_name,customer_user_access.user_id",None,None,Customer User Access,None,0
customer,<p>Represents customer-manager link relationship.</p>,"customer_manager_link.manager_customer,customer_manager_link.manager_link_id,customer_manager_link.resource_name,customer_manager_link.status",None,None,Customer Manager Link,None,0
customer,"<p>A customizer attribute. Use CustomerCustomizer, CampaignCustomizer, AdGroupCustomizer, or AdGroupCriterionCustomizer to associate a customizer attribute and set its value at the customer, campaign, ad group, or ad group criterion level, respectively.</p>","customizer_attribute.id,customizer_attribute.name,customizer_attribute.resource_name,customizer_attribute.status,customizer_attribute.type",None,None,Customizer Attribute,None,0
customer,<p>A customer extension setting.</p>,"customer_extension_setting.device,customer_extension_setting.extension_feed_items,customer_extension_setting.extension_type,customer_extension_setting.resource_name",None,None,Customer Extension Setting,None,0
customer,<p>Represents a relationship between a customer and a label. This customer may not have access to all the labels attached to it. Additional CustomerLabels may be returned by increasing permissions with login-customer-id.</p>,"customer_label.customer,customer_label.label,customer_label.resource_name",None,None,Customer Label,None,0
customer,<p>Biddability control for conversion actions with a matching category and origin.</p>,"customer_conversion_goal.biddable,customer_conversion_goal.category,customer_conversion_goal.origin,customer_conversion_goal.resource_name",None,None,Customer Conversion Goal,None,0
"asset_set,customer",<p>CustomerAssetSet is the linkage between a customer and an asset set. Adding a CustomerAssetSet links an asset set with a customer.</p>,"customer_asset_set.asset_set,customer_asset_set.customer,customer_asset_set.resource_name,customer_asset_set.status",None,None,Customer Asset Set,None,0
"customer,customizer_attribute",<p>A customizer value for the associated CustomizerAttribute at the Customer level.</p>,"customer_customizer.customizer_attribute,customer_customizer.resource_name,customer_customizer.status,customer_customizer.value.string_value,customer_customizer.value.type",None,None,Customer Customizer,None,0
"customer,feed",<p>A customer feed.</p>,"customer_feed.feed,customer_feed.matching_function.function_string,customer_feed.matching_function.left_operands,customer_feed.matching_function.operator,customer_feed.matching_function.right_operands,customer_feed.placeholder_types,customer_feed.resource_name,customer_feed.status",None,None,Customer Feed,None,0
customer,"<p>A link between the given customer and a client customer. CustomerClients only exist for manager customers. All direct and indirect client customers are included, as well as the manager itself.</p>","customer_client.applied_labels,customer_client.client_customer,customer_client.currency_code,customer_client.descriptive_name,customer_client.hidden,customer_client.id,customer_client.level,customer_client.manager,customer_client.resource_name,customer_client.status,customer_client.test_account,customer_client.time_zone",None,None,Customer Client,None,0
customer,<p>A custom interest. This is a list of users by interest.</p>,"custom_interest.description,custom_interest.id,custom_interest.members,custom_interest.name,custom_interest.resource_name,custom_interest.status,custom_interest.type",None,None,Custom Interest,None,0
customer,<p>Represents customer client link relationship.</p>,"customer_client_link.client_customer,customer_client_link.hidden,customer_client_link.manager_link_id,customer_client_link.resource_name,customer_client_link.status",None,None,Customer Client Link,None,0
customer,<p>A custom audience. This is a list of users by interest.</p>,"custom_audience.description,custom_audience.id,custom_audience.members,custom_audience.name,custom_audience.resource_name,custom_audience.status,custom_audience.type",None,None,Custom Audience,None,0
None,<p>A currency constant.</p>,"currency_constant.billable_unit_micros,currency_constant.code,currency_constant.name,currency_constant.resource_name,currency_constant.symbol",None,None,Currency Constant,None,0
customer,<p>A conversion value rule set</p>,"conversion_value_rule_set.attachment_type,conversion_value_rule_set.campaign,conversion_value_rule_set.conversion_action_categories,conversion_value_rule_set.conversion_value_rules,conversion_value_rule_set.dimensions,conversion_value_rule_set.id,conversion_value_rule_set.owner_customer,conversion_value_rule_set.resource_name,conversion_value_rule_set.status",None,None,Conversion Value Rule Set,None,0
"campaign,custom_conversion_goal,customer",<p>Conversion goal settings for a Campaign.</p>,"conversion_goal_campaign_config.campaign,conversion_goal_campaign_config.custom_conversion_goal,conversion_goal_campaign_config.goal_config_level,conversion_goal_campaign_config.resource_name",None,None,Conversion Goal Campaign Config,None,0
customer,<p>Custom conversion goal that can make arbitrary conversion actions biddable.</p>,"custom_conversion_goal.conversion_actions,custom_conversion_goal.id,custom_conversion_goal.name,custom_conversion_goal.resource_name,custom_conversion_goal.status",None,None,Custom Conversion Goal,None,0
"ad_group,asset,campaign,customer,feed,feed_item",<p>Describes the granular change of returned resources of certain resource types. Changes made through the UI or API in the past 30 days are included. Previous and new values of the changed fields are shown. ChangeEvent could have up to 3 minutes delay to reflect a new change.</p>,"change_event.ad_group,change_event.asset,change_event.campaign,change_event.change_date_time,change_event.change_resource_name,change_event.change_resource_type,change_event.changed_fields,change_event.client_type,change_event.feed,change_event.feed_item,change_event.new_resource,change_event.old_resource,change_event.resource_change_operation,change_event.resource_name,change_event.user_email",None,None,Change Event,None,0
customer,<p>A conversion value rule</p>,"conversion_value_rule.action.operation,conversion_value_rule.action.value,conversion_value_rule.audience_condition.user_interests,conversion_value_rule.audience_condition.user_lists,conversion_value_rule.device_condition.device_types,conversion_value_rule.geo_location_condition.excluded_geo_match_type,conversion_value_rule.geo_location_condition.excluded_geo_target_constants,conversion_value_rule.geo_location_condition.geo_match_type,conversion_value_rule.geo_location_condition.geo_target_constants,conversion_value_rule.id,conversion_value_rule.owner_customer,conversion_value_rule.resource_name,conversion_value_rule.status",None,None,Conversion Value Rule,None,0
customer,"<p>A conversion custom variable See ""About custom variables for conversions"" at <a href=""https://support.google.com/google-ads/answer/9964350"">https://support.google.com/google-ads/answer/9964350</a></p>","conversion_custom_variable.id,conversion_custom_variable.name,conversion_custom_variable.owner_customer,conversion_custom_variable.resource_name,conversion_custom_variable.status,conversion_custom_variable.tag",None,None,Conversion Custom Variable,None,0
customer,<p>Describe a resource for combined audiences which includes different audiences.</p>,"combined_audience.description,combined_audience.id,combined_audience.name,combined_audience.resource_name,combined_audience.status",None,None,Combined Audience,None,0
None,<p>A carrier criterion that can be used in campaign targeting.</p>,"carrier_constant.country_code,carrier_constant.id,carrier_constant.name,carrier_constant.resource_name",None,None,Carrier Constant,None,0
"ad_group,asset,campaign,combined_audience,customer,feed,feed_item,shared_set",<p>Describes the status of returned resource. ChangeStatus could have up to 3 minutes delay to reflect a new change.</p>,"change_status.ad_group,change_status.ad_group_ad,change_status.ad_group_asset,change_status.ad_group_bid_modifier,change_status.ad_group_criterion,change_status.ad_group_feed,change_status.asset,change_status.campaign,change_status.campaign_asset,change_status.campaign_criterion,change_status.campaign_feed,change_status.campaign_shared_set,change_status.combined_audience,change_status.customer_asset,change_status.feed,change_status.feed_item,change_status.last_change_date_time,change_status.resource_name,change_status.resource_status,change_status.resource_type,change_status.shared_set",None,None,Change Status,None,0
"campaign,customer",<p>A campaign extension setting.</p>,"campaign_extension_setting.campaign,campaign_extension_setting.device,campaign_extension_setting.extension_feed_items,campaign_extension_setting.extension_type,campaign_extension_setting.resource_name",None,None,Campaign Extension Setting,None,0
"campaign,customer,shared_set",<p>CampaignSharedSets are used for managing the shared sets associated with a campaign.</p>,"campaign_shared_set.campaign,campaign_shared_set.resource_name,campaign_shared_set.shared_set,campaign_shared_set.status",None,None,Campaign Shared Set,None,0
"campaign,customer,label",<p>Represents a relationship between a campaign and a label.</p>,"campaign_label.campaign,campaign_label.label,campaign_label.resource_name",None,None,Campaign Label,None,0
"campaign,customer","<p>A campaign simulation. Supported combinations of advertising channel type, simulation type and simulation modification method is detailed below respectively. * SEARCH - CPC_BID - UNIFORM * SEARCH - CPC_BID - SCALING * SEARCH - TARGET_CPA - UNIFORM * SEARCH - TARGET_CPA - SCALING * SEARCH - TARGET_ROAS - UNIFORM * SEARCH - TARGET_IMPRESSION_SHARE - UNIFORM * SEARCH - BUDGET - UNIFORM * SHOPPING - BUDGET - UNIFORM * SHOPPING - TARGET_ROAS - UNIFORM * MULTI_CHANNEL - TARGET_CPA - UNIFORM * DISCOVERY - TARGET_CPA - DEFAULT * DISPLAY - TARGET_CPA - UNIFORM * PERFORMANCE_MAX - TARGET_CPA - UNIFORM * PERFORMANCE_MAX - TARGET_ROAS - UNIFORM * PERFORMANCE_MAX - BUDGET - UNIFORM</p>","campaign_simulation.budget_point_list.points,campaign_simulation.campaign_id,campaign_simulation.cpc_bid_point_list.points,campaign_simulation.end_date,campaign_simulation.modification_method,campaign_simulation.resource_name,campaign_simulation.start_date,campaign_simulation.target_cpa_point_list.points,campaign_simulation.target_impression_share_point_list.points,campaign_simulation.target_roas_point_list.points,campaign_simulation.type",None,None,Campaign Simulation,None,0
"campaign,customer,customizer_attribute",<p>A customizer value for the associated CustomizerAttribute at the Campaign level.</p>,"campaign_customizer.campaign,campaign_customizer.customizer_attribute,campaign_customizer.resource_name,campaign_customizer.status,campaign_customizer.value.string_value,campaign_customizer.value.type",None,None,Campaign Customizer,None,0
"campaign,customer,feed",<p>A campaign feed.</p>,"campaign_feed.campaign,campaign_feed.feed,campaign_feed.matching_function.function_string,campaign_feed.matching_function.left_operands,campaign_feed.matching_function.operator,campaign_feed.matching_function.right_operands,campaign_feed.placeholder_types,campaign_feed.resource_name,campaign_feed.status",None,None,Campaign Feed,None,0
"campaign,carrier_constant,customer,feed,language_constant,mobile_app_category_constant,mobile_device_constant,operating_system_version_constant,topic_constant,user_interest,user_list",<p>A campaign criterion.</p>,"campaign_criterion.ad_schedule.day_of_week,campaign_criterion.ad_schedule.end_hour,campaign_criterion.ad_schedule.end_minute,campaign_criterion.ad_schedule.start_hour,campaign_criterion.ad_schedule.start_minute,campaign_criterion.age_range.type,campaign_criterion.bid_modifier,campaign_criterion.campaign,campaign_criterion.carrier.carrier_constant,campaign_criterion.combined_audience.combined_audience,campaign_criterion.content_label.type,campaign_criterion.criterion_id,campaign_criterion.custom_affinity.custom_affinity,campaign_criterion.custom_audience.custom_audience,campaign_criterion.device.type,campaign_criterion.display_name,campaign_criterion.gender.type,campaign_criterion.income_range.type,campaign_criterion.ip_block.ip_address,campaign_criterion.keyword.match_type,campaign_criterion.keyword.text,campaign_criterion.keyword_theme.free_form_keyword_theme,campaign_criterion.keyword_theme.keyword_theme_constant,campaign_criterion.language.language_constant,campaign_criterion.listing_scope.dimensions,campaign_criterion.listing_scope.dimensions.activity_country.value,campaign_criterion.listing_scope.dimensions.hotel_city.city_criterion,campaign_criterion.listing_scope.dimensions.hotel_country_region.country_region_criterion,campaign_criterion.listing_scope.dimensions.hotel_state.state_criterion,campaign_criterion.local_service_id.service_id,campaign_criterion.location.geo_target_constant,campaign_criterion.location_group,campaign_criterion.location_group.enable_customer_level_location_asset_set,campaign_criterion.location_group.feed,campaign_criterion.location_group.geo_target_constants,campaign_criterion.mobile_app_category.mobile_app_category_constant,campaign_criterion.mobile_application.app_id,campaign_criterion.mobile_application.name,campaign_criterion.mobile_device.mobile_device_constant,campaign_criterion.negative,campaign_criterion.operating_system_version.operating_system_version_constant,campaign_criterion.parental_status.type,campaign_criterion.placement.url,campaign_criterion.proximity.address.city_name,campaign_criterion.proximity.address.country_code,campaign_criterion.proximity.address.postal_code,campaign_criterion.proximity.address.province_code,campaign_criterion.proximity.address.province_name,campaign_criterion.proximity.address.street_address,campaign_criterion.proximity.geo_point.latitude_in_micro_degrees,campaign_criterion.proximity.geo_point.longitude_in_micro_degrees,campaign_criterion.proximity.radius,campaign_criterion.proximity.radius_units,campaign_criterion.resource_name,campaign_criterion.status,campaign_criterion.topic.path,campaign_criterion.topic.topic_constant,campaign_criterion.type,campaign_criterion.user_interest.user_interest_category,campaign_criterion.user_list.user_list,campaign_criterion.webpage.conditions,campaign_criterion.webpage.coverage_percentage,campaign_criterion.webpage.criterion_name,campaign_criterion.webpage.sample.sample_urls,campaign_criterion.youtube_channel.channel_id,campaign_criterion.youtube_video.video_id",None,None,Campaign Criterion,None,0
"campaign,customer",<p>The biddability setting for the specified campaign only for all conversion actions with a matching category and origin.</p>,"campaign_conversion_goal.biddable,campaign_conversion_goal.campaign,campaign_conversion_goal.category,campaign_conversion_goal.origin,campaign_conversion_goal.resource_name",None,None,Campaign Conversion Goal,None,0
"ad_group,campaign,customer",<p>A call view that includes data for call tracking of call-only ads or call extensions.</p>,"call_view.call_duration_seconds,call_view.call_status,call_view.call_tracking_display_location,call_view.caller_area_code,call_view.caller_country_code,call_view.end_call_date_time,call_view.resource_name,call_view.start_call_date_time,call_view.type",None,None,Call View,None,0
"bidding_strategy,customer",<p>A bidding strategy simulation. Supported combinations of simulation type and simulation modification method are detailed below respectively. 1. TARGET_CPA - UNIFORM 2. TARGET_ROAS - UNIFORM</p>,"bidding_strategy_simulation.bidding_strategy_id,bidding_strategy_simulation.end_date,bidding_strategy_simulation.modification_method,bidding_strategy_simulation.resource_name,bidding_strategy_simulation.start_date,bidding_strategy_simulation.target_cpa_point_list.points,bidding_strategy_simulation.target_roas_point_list.points,bidding_strategy_simulation.type",None,None,Bidding Strategy Simulation,None,0
"asset_set,campaign,customer",<p>CampaignAssetSet is the linkage between a campaign and an asset set. Adding a CampaignAssetSet links an asset set with a campaign.</p>,"campaign_asset_set.asset_set,campaign_asset_set.campaign,campaign_asset_set.resource_name,campaign_asset_set.status",None,None,Campaign Asset Set,None,0
"campaign,customer",<p>A campaign draft.</p>,"campaign_draft.base_campaign,campaign_draft.draft_campaign,campaign_draft.draft_id,campaign_draft.has_experiment_running,campaign_draft.long_running_operation,campaign_draft.name,campaign_draft.resource_name,campaign_draft.status",None,None,Campaign Draft,None,0
customer,"<p>Represents a bidding seasonality adjustment. See ""About seasonality adjustments"" at <a href=""https://support.google.com/google-ads/answer/10369906"">https://support.google.com/google-ads/answer/10369906</a>.</p>","bidding_seasonality_adjustment.advertising_channel_types,bidding_seasonality_adjustment.campaigns,bidding_seasonality_adjustment.conversion_rate_modifier,bidding_seasonality_adjustment.description,bidding_seasonality_adjustment.devices,bidding_seasonality_adjustment.end_date_time,bidding_seasonality_adjustment.name,bidding_seasonality_adjustment.resource_name,bidding_seasonality_adjustment.scope,bidding_seasonality_adjustment.seasonality_adjustment_id,bidding_seasonality_adjustment.start_date_time,bidding_seasonality_adjustment.status",None,None,Bidding Seasonality Adjustment,None,0
customer,<p>A list of mutates being processed asynchronously. The mutates are uploaded by the user. The mutates themselves aren't readable and the results of the job can only be read using BatchJobService.ListBatchJobResults.</p>,"batch_job.id,batch_job.long_running_operation,batch_job.metadata.completion_date_time,batch_job.metadata.creation_date_time,batch_job.metadata.estimated_completion_ratio,batch_job.metadata.executed_operation_count,batch_job.metadata.execution_limit_seconds,batch_job.metadata.operation_count,batch_job.metadata.start_date_time,batch_job.next_add_sequence_token,batch_job.resource_name,batch_job.status",None,None,Batch Job,None,0
"ad_group,campaign,customer","<p>An ad group simulation. Supported combinations of advertising channel type, simulation type and simulation modification method is detailed below respectively. 1. SEARCH - CPC_BID - DEFAULT 2. SEARCH - CPC_BID - UNIFORM 3. SEARCH - TARGET_CPA - UNIFORM 4. SEARCH - TARGET_ROAS - UNIFORM 5. DISPLAY - CPC_BID - DEFAULT 6. DISPLAY - CPC_BID - UNIFORM 7. DISPLAY - TARGET_CPA - UNIFORM</p>","ad_group_simulation.ad_group_id,ad_group_simulation.cpc_bid_point_list.points,ad_group_simulation.cpv_bid_point_list.points,ad_group_simulation.end_date,ad_group_simulation.modification_method,ad_group_simulation.resource_name,ad_group_simulation.start_date,ad_group_simulation.target_cpa_point_list.points,ad_group_simulation.target_roas_point_list.points,ad_group_simulation.type",None,None,Ad Group Simulation,None,0
customer,"<p>Represents a bidding data exclusion. See ""About data exclusions"" at <a href=""https://support.google.com/google-ads/answer/10370710"">https://support.google.com/google-ads/answer/10370710</a>.</p>","bidding_data_exclusion.advertising_channel_types,bidding_data_exclusion.campaigns,bidding_data_exclusion.data_exclusion_id,bidding_data_exclusion.description,bidding_data_exclusion.devices,bidding_data_exclusion.end_date_time,bidding_data_exclusion.name,bidding_data_exclusion.resource_name,bidding_data_exclusion.scope,bidding_data_exclusion.start_date_time,bidding_data_exclusion.status",None,None,Bidding Data Exclusion,None,0
customer,"<p>A billing setup, which associates a payments account and an advertiser. A billing setup is specific to one advertiser.</p>","billing_setup.end_date_time,billing_setup.end_time_type,billing_setup.id,billing_setup.payments_account,billing_setup.payments_account_info.payments_account_id,billing_setup.payments_account_info.payments_account_name,billing_setup.payments_account_info.payments_profile_id,billing_setup.payments_account_info.payments_profile_name,billing_setup.payments_account_info.secondary_payments_profile_id,billing_setup.resource_name,billing_setup.start_date_time,billing_setup.status",None,None,Billing Setup,None,0
"ad_group,ad_group_criterion,campaign,customer","<p>An ad parameter that is used to update numeric values (such as prices or inventory levels) in any text line of an ad (including URLs). There can be a maximum of two AdParameters per ad group criterion. (One with parameter_index = 1 and one with parameter_index = 2.) In the ad the parameters are referenced by a placeholder of the form ""{param#:value}"". For example, ""{param1:$17}""</p>","ad_parameter.ad_group_criterion,ad_parameter.insertion_text,ad_parameter.parameter_index,ad_parameter.resource_name",None,None,Ad Parameter,None,0
"ad_group,campaign,customer,label",<p>A relationship between an ad group and a label.</p>,"ad_group_label.ad_group,ad_group_label.label,ad_group_label.resource_name",None,None,Ad Group Label,None,0
"ad_group,campaign,customer,feed",<p>An ad group feed.</p>,"ad_group_feed.ad_group,ad_group_feed.feed,ad_group_feed.matching_function.function_string,ad_group_feed.matching_function.left_operands,ad_group_feed.matching_function.operator,ad_group_feed.matching_function.right_operands,ad_group_feed.placeholder_types,ad_group_feed.resource_name,ad_group_feed.status",None,None,Ad Group Feed,None,0
"ad_group,campaign,customer",<p>An ad group extension setting.</p>,"ad_group_extension_setting.ad_group,ad_group_extension_setting.device,ad_group_extension_setting.extension_feed_items,ad_group_extension_setting.extension_type,ad_group_extension_setting.resource_name",None,None,Ad Group Extension Setting,None,0
customer,<p>An asset set representing a collection of assets. Use AssetSetAsset to link an asset to the asset set.</p>,"asset_set.business_profile_location_group.dynamic_business_profile_location_group_filter.business_name_filter.business_name,asset_set.business_profile_location_group.dynamic_business_profile_location_group_filter.business_name_filter.filter_type,asset_set.business_profile_location_group.dynamic_business_profile_location_group_filter.label_filters,asset_set.business_profile_location_group.dynamic_business_profile_location_group_filter.listing_id_filters,asset_set.hotel_property_data.hotel_center_id,asset_set.hotel_property_data.partner_name,asset_set.id,asset_set.location_group_parent_asset_set_id,asset_set.location_set.business_profile_location_set.business_name_filter,asset_set.location_set.business_profile_location_set.label_filters,asset_set.location_set.business_profile_location_set.listing_id_filters,asset_set.location_set.chain_location_set.relationship_type,asset_set.location_set.location_ownership_type,asset_set.merchant_center_feed.feed_label,asset_set.merchant_center_feed.merchant_id,asset_set.name,asset_set.resource_name,asset_set.status,asset_set.type",None,None,Asset Set,None,0
"ad_group,campaign,customer,customizer_attribute",<p>A customizer value for the associated CustomizerAttribute at the AdGroup level.</p>,"ad_group_customizer.ad_group,ad_group_customizer.customizer_attribute,ad_group_customizer.resource_name,ad_group_customizer.status,ad_group_customizer.value.string_value,ad_group_customizer.value.type",None,None,Ad Group Customizer,None,0
customer,"<p>Audience is an effective targeting option that lets you intersect different segment attributes, such as detailed demographics and affinities, to create audiences that represent sections of your target segments.</p>","audience.description,audience.dimensions,audience.dimensions.audience_segments.segments.custom_audience.custom_audience,audience.dimensions.audience_segments.segments.detailed_demographic.detailed_demographic,audience.dimensions.audience_segments.segments.life_event.life_event,audience.dimensions.audience_segments.segments.user_interest.user_interest_category,audience.dimensions.audience_segments.segments.user_list.user_list,audience.exclusion_dimension,audience.exclusion_dimension.exclusions.user_list.user_list,audience.id,audience.name,audience.resource_name,audience.status",None,None,Audience,None,0
